{"cameraMode":{"drawMode":0,"name":"Shaded","section":"Shading Mode"},"sceneLighting":true,"audioPlay":false,"sceneViewState":{"m_AlwaysRefresh":false,"showFog":true,"showSkybox":true,"showFlares":true,"showImageEffects":true,"showParticleSystems":true,"showVisualEffectGraphs":true,"m_FxEnabled":true},"in2DMode":false,"pivot":{"x":-22.532522201538087,"y":19.51179313659668,"z":20.071937561035158},"rotation":{"x":0.012499528005719185,"y":0.9488778710365295,"z":-0.313893586397171,"w":0.03545182943344116},"size":4.492453098297119,"orthographic":false}